{
    "test_accuracy": 0.9795918367346939,
    "test_f1_weighted": 0.9756176154672396,
    "test_precision_weighted": 0.9800170068027211,
    "test_recall_weighted": 0.9795918367346939
}